loss	batch_size	imratio	epoch	lr	train_loss	train_auc	test_loss	test_auc
functional_square_hinge_loss	1000	0.5	0	0.01	0.9197232127189636	0.6230955123901367	0.9076850414276123	0.6333080530166626
functional_square_hinge_loss	1000	0.5	1	0.01	0.8750500082969666	0.6537661552429199	0.8693009614944458	0.6556761264801025
functional_square_hinge_loss	1000	0.5	2	0.01	0.847465991973877	0.6673007011413574	0.8391439318656921	0.6736467480659485
functional_square_hinge_loss	1000	0.5	3	0.01	0.8248133659362793	0.6794922351837158	0.8224828839302063	0.6820822358131409
functional_square_hinge_loss	1000	0.5	4	0.01	0.8027626872062683	0.6926093101501465	0.8075412511825562	0.6894004344940186
