pretrained	loss_name	batch_size	imratio	lr	epoch	train_loss	train_auc	test_loss	test_auc
True	square_hinge	500	0.01	0.0316227766016838	0	0.9498160481452942	0.6057652831077576	0.9423239231109619	0.6114012598991394
True	square_hinge	500	0.01	0.0316227766016838	1	0.9221662282943726	0.6186293363571167	0.9259591102600098	0.6110626459121704
