pretrained	loss_name	batch_size	imratio	lr	epoch	train_loss	train_auc	test_loss	test_auc
True	square_hinge	500	0.01	0.316227766016838	0	0.9997135996818542	0.5359523296356201	0.9998723864555359	0.5365220904350281
True	square_hinge	500	0.01	0.316227766016838	1	0.9995754361152649	0.5416228771209717	0.9997690320014954	0.5391130447387695
True	square_hinge	500	0.01	0.316227766016838	2	0.9993859529495239	0.5372303128242493	0.9994562268257141	0.5403821468353271
True	square_hinge	500	0.01	0.316227766016838	3	0.999864399433136	0.5384508371353149	0.9999490976333618	0.5524348020553589
True	square_hinge	500	0.01	0.316227766016838	4	0.9998771548271179	0.5379801392555237	0.9999493360519409	0.5526134371757507
True	square_hinge	500	0.01	0.316227766016838	5	0.9998434782028198	0.542127251625061	0.9999447464942932	0.553364098072052
True	square_hinge	500	0.01	0.316227766016838	6	0.9998100996017456	0.5460871458053589	0.9999373555183411	0.5536894798278809
True	square_hinge	500	0.01	0.316227766016838	7	0.9997818470001221	0.5419962406158447	0.9999222159385681	0.5540356636047363
True	square_hinge	500	0.01	0.316227766016838	8	0.9997298717498779	0.548789381980896	0.9998767971992493	0.5542914271354675
