pretrained	loss_name	batch_size	imratio	lr	epoch	train_loss	train_auc	test_loss	test_auc
True	square_hinge	500	0.01	0.00316227766016838	0	0.9785147905349731	0.5620867013931274	0.9842446446418762	0.5486271381378174
True	square_hinge	500	0.01	0.00316227766016838	1	0.9638611674308777	0.5773239135742188	0.9675480127334595	0.5701277852058411
