pretrained	loss_name	batch_size	imratio	lr	epoch	train_loss	train_auc	test_loss	test_auc
True	square_hinge	100	0.1	0.01	0	0.9980207681655884	0.5346048474311829	0.9976304173469543	0.548660159111023
True	square_hinge	100	0.1	0.01	1	0.9554687142372131	0.5610778331756592	0.9522418975830078	0.5717406868934631
True	square_hinge	100	0.1	0.01	2	0.9224182963371277	0.5955067873001099	0.9247902631759644	0.6006397604942322
True	square_hinge	100	0.1	0.01	3	0.8781780004501343	0.6359273195266724	0.8860732913017273	0.6347923278808594
True	square_hinge	100	0.1	0.01	4	0.8158491253852844	0.6835941076278687	0.837571918964386	0.6721416115760803
True	square_hinge	100	0.1	0.01	5	0.780182421207428	0.7052208781242371	0.807948887348175	0.6889209747314453
True	square_hinge	100	0.1	0.01	6	0.7743823528289795	0.7094396352767944	0.7950916886329651	0.7027398943901062
True	square_hinge	100	0.1	0.01	7	0.7739292979240417	0.7275854349136353	0.8075339198112488	0.6989437341690063
