pretrained	loss_name	batch_size	imratio	lr	epoch	train_loss	train_auc	test_loss	test_auc
True	square_hinge	50	0.5	1.0	0	0.987993597984314	0.5586140751838684	0.9862658977508545	0.5701582431793213
True	square_hinge	50	0.5	1.0	1	0.8788116574287415	0.64252769947052	0.8502105474472046	0.6566401124000549
True	square_hinge	50	0.5	1.0	2	0.7320122122764587	0.7316228151321411	0.7427486181259155	0.7237347960472107
True	square_hinge	50	0.5	1.0	3	0.6866492629051208	0.7528228759765625	0.7741861343383789	0.7090252041816711
True	square_hinge	50	0.5	1.0	4	0.5889024138450623	0.8116558194160461	0.6562804579734802	0.775031566619873
True	square_hinge	50	0.5	1.0	5	0.5589413642883301	0.8224096298217773	0.607983410358429	0.800261378288269
True	square_hinge	50	0.5	1.0	6	0.4087650775909424	0.878440797328949	0.5038239359855652	0.8458636999130249
