pretrained	loss_name	batch_size	imratio	lr	epoch	train_loss	train_auc	test_loss	test_auc
True	square_hinge	100	0.5	0.316227766016838	0	0.830378532409668	0.7090111374855042	0.816582977771759	0.7081906199455261
True	square_hinge	100	0.5	0.316227766016838	1	0.6365616321563721	0.7946602702140808	0.6406614780426025	0.7787830233573914
True	square_hinge	100	0.5	0.316227766016838	2	0.5156762003898621	0.8338565826416016	0.6181604266166687	0.8006834983825684
True	square_hinge	100	0.5	0.316227766016838	3	0.49512380361557007	0.8523045778274536	0.6301161050796509	0.8270936608314514
True	square_hinge	100	0.5	0.316227766016838	4	0.45288699865341187	0.8687130212783813	0.5720804929733276	0.8446992635726929
True	square_hinge	100	0.5	0.316227766016838	5	0.45051613450050354	0.87508624792099	0.5886025428771973	0.8415286540985107
