pretrained	loss_name	batch_size	imratio	lr	epoch	train_loss	train_auc	test_loss	test_auc
True	square_hinge	500	0.01	0.01	0	0.9870858788490295	0.5814029574394226	0.9940211772918701	0.5384835004806519
True	square_hinge	500	0.01	0.01	1	0.9780060052871704	0.5848780870437622	0.9850497841835022	0.5668586492538452
True	square_hinge	500	0.01	0.01	2	0.9479032754898071	0.6079753637313843	0.968826413154602	0.5780373215675354
True	square_hinge	500	0.01	0.01	3	0.9080291986465454	0.6351127624511719	0.944382905960083	0.5967733263969421
True	square_hinge	500	0.01	0.01	4	0.8779854774475098	0.6557588577270508	0.9218987822532654	0.6186792850494385
True	square_hinge	500	0.01	0.01	5	0.8646882176399231	0.6716773509979248	0.935069739818573	0.6110698580741882
True	square_hinge	500	0.01	0.01	6	0.8118613958358765	0.7109852433204651	0.9111873507499695	0.6224592924118042
