pretrained	loss_name	batch_size	imratio	lr	epoch	train_loss	train_auc	test_loss	test_auc
True	square_hinge	500	0.01	0.0001	0	1.000781774520874	0.5298296213150024	1.0143660306930542	0.5011275410652161
True	square_hinge	500	0.01	0.0001	1	1.005011796951294	0.5142800807952881	1.0120279788970947	0.5047602653503418
True	square_hinge	500	0.01	0.0001	2	0.9865754246711731	0.54621821641922	1.0103013515472412	0.5070339441299438
