pretrained	loss_name	batch_size	imratio	lr	epoch	train_loss	train_auc	test_loss	test_auc
True	square_hinge	500	0.1	1.0	0	0.9977651834487915	0.5403751730918884	0.9976091980934143	0.548929750919342
True	square_hinge	500	0.1	1.0	1	0.9418208599090576	0.5999602675437927	0.9165394902229309	0.6079108715057373
True	square_hinge	500	0.1	1.0	2	0.9884464740753174	0.6102489829063416	0.9891892671585083	0.6171164512634277
True	square_hinge	500	0.1	1.0	3	0.9591346383094788	0.5863437652587891	0.9538964629173279	0.6001068949699402
True	square_hinge	500	0.1	1.0	4	0.8768302202224731	0.6494978070259094	0.871315062046051	0.6503633260726929
True	square_hinge	500	0.1	1.0	5	0.8543993830680847	0.6598722338676453	0.841747522354126	0.6656498908996582
True	square_hinge	500	0.1	1.0	6	0.7919089794158936	0.6978342533111572	0.8219124674797058	0.6854895949363708
