pretrained	loss_name	batch_size	imratio	lr	epoch	train_loss	train_auc	test_loss	test_auc
True	square_hinge	100	0.5	1.0	0	0.9713965058326721	0.5341394543647766	0.9607197046279907	0.5359361171722412
True	square_hinge	100	0.5	1.0	1	0.8872549533843994	0.634491503238678	0.8885108232498169	0.633994460105896
True	square_hinge	100	0.5	1.0	2	0.850228488445282	0.6724414229393005	0.8712155222892761	0.6588423252105713
True	square_hinge	100	0.5	1.0	3	0.7144655585289001	0.753978967666626	0.6697427034378052	0.77074134349823
True	square_hinge	100	0.5	1.0	4	0.5312256813049316	0.8270140290260315	0.6039494276046753	0.799113392829895
True	square_hinge	100	0.5	1.0	5	0.5391135811805725	0.832589864730835	0.6210610866546631	0.7877583503723145
True	square_hinge	100	0.5	1.0	6	0.4856741428375244	0.8530502319335938	0.5661293864250183	0.8350242972373962
True	square_hinge	100	0.5	1.0	7	0.3814770579338074	0.8913414478302002	0.4901984930038452	0.8641434907913208
