pretrained	loss_name	batch_size	imratio	lr	epoch	train_loss	train_auc	test_loss	test_auc
True	square_hinge	50	0.5	1.0	0	1.0000665187835693	0.5179132223129272	1.000017762184143	0.5083299875259399
True	square_hinge	50	0.5	1.0	1	1.0000663995742798	0.5335051417350769	1.0000026226043701	0.5291428565979004
True	square_hinge	50	0.5	1.0	2	1.0100325345993042	0.5237553119659424	1.0139425992965698	0.5219147205352783
True	square_hinge	50	0.5	1.0	3	0.9156887531280518	0.6216033101081848	0.8969245553016663	0.6349438428878784
True	square_hinge	50	0.5	1.0	4	0.8395853042602539	0.6724308729171753	0.8490223288536072	0.6657208800315857
True	square_hinge	50	0.5	1.0	5	0.6921010613441467	0.7491311430931091	0.7154396176338196	0.7362793684005737
True	square_hinge	50	0.5	1.0	6	0.7284971475601196	0.7424230575561523	0.7984887361526489	0.7122026681900024
True	square_hinge	50	0.5	1.0	7	0.5390294194221497	0.8222736120223999	0.5851209163665771	0.8002593517303467
True	square_hinge	50	0.5	1.0	8	0.539467453956604	0.838573157787323	0.6412701606750488	0.8288049697875977
