pretrained	loss_name	batch_size	imratio	lr	epoch	train_loss	train_auc	test_loss	test_auc
True	square_hinge	100	0.5	0.316227766016838	0	0.7521399855613708	0.7278767824172974	0.8056585788726807	0.7111992239952087
True	square_hinge	100	0.5	0.316227766016838	1	0.6546758413314819	0.7811073660850525	0.7002394199371338	0.7850243449211121
True	square_hinge	100	0.5	0.316227766016838	2	0.5203344821929932	0.8369156122207642	0.5960065722465515	0.8229852914810181
True	square_hinge	100	0.5	0.316227766016838	3	0.5577494502067566	0.8200075030326843	0.6903359889984131	0.7724953889846802
True	square_hinge	100	0.5	0.316227766016838	4	0.4636535942554474	0.8770664930343628	0.4776773452758789	0.8546889424324036
True	square_hinge	100	0.5	0.316227766016838	5	0.43341517448425293	0.872515082359314	0.44705772399902344	0.8637579679489136
True	square_hinge	100	0.5	0.316227766016838	6	0.3620060384273529	0.8990575075149536	0.42306506633758545	0.8787201642990112
True	square_hinge	100	0.5	0.316227766016838	7	0.42521998286247253	0.8724490404129028	0.5493224263191223	0.8274482488632202
