pretrained	loss_name	batch_size	imratio	lr	epoch	train_loss	train_auc	test_loss	test_auc
True	square_hinge	100	0.5	0.316227766016838	0	0.8283138871192932	0.7138107419013977	0.8285509347915649	0.6976587176322937
True	square_hinge	100	0.5	0.316227766016838	1	0.5834892392158508	0.8020919561386108	0.5960425734519958	0.7993665337562561
True	square_hinge	100	0.5	0.316227766016838	2	0.6183186173439026	0.8332183957099915	0.7340424656867981	0.811202883720398
True	square_hinge	100	0.5	0.316227766016838	3	0.7140392661094666	0.8061237335205078	0.8312739133834839	0.7580497860908508
True	square_hinge	100	0.5	0.316227766016838	4	0.5542998313903809	0.8645539879798889	0.5120723843574524	0.8537120819091797
True	square_hinge	100	0.5	0.316227766016838	5	0.43678417801856995	0.8678786754608154	0.5373808145523071	0.8459134101867676
True	square_hinge	100	0.5	0.316227766016838	6	0.3672846853733063	0.8988850116729736	0.41016632318496704	0.881249725818634
True	square_hinge	100	0.5	0.316227766016838	7	0.34522125124931335	0.9140521287918091	0.4666791558265686	0.8832534551620483
