pretrained	loss_name	batch_size	imratio	lr	epoch	train_loss	train_auc	test_loss	test_auc
True	square_hinge	500	0.01	0.001	0	0.9962109327316284	0.5282072424888611	0.9953625798225403	0.5246036648750305
True	square_hinge	500	0.01	0.001	1	0.9966694116592407	0.5278212428092957	0.9934075474739075	0.5288283824920654
True	square_hinge	500	0.01	0.001	2	0.9955297112464905	0.5257726907730103	0.9919353723526001	0.5328398942947388
