pretrained	loss_name	batch_size	imratio	lr	epoch	train_loss	train_auc	test_loss	test_auc
True	square_hinge	50	0.1	0.1	0	0.9987392425537109	0.5232104063034058	0.998268187046051	0.5267940759658813
