pretrained	loss_name	batch_size	imratio	lr	epoch	train_loss	train_auc	test_loss	test_auc
True	square_hinge	100	0.1	0.000316227766016838	0	0.9778610467910767	0.5704457759857178	0.9755744934082031	0.5752241611480713
True	square_hinge	100	0.1	0.000316227766016838	1	0.9658405780792236	0.5842312574386597	0.960463285446167	0.5938169956207275
True	square_hinge	100	0.1	0.000316227766016838	2	0.9554636478424072	0.5976171493530273	0.9482588768005371	0.6060981154441833
