pretrained	loss_name	batch_size	imratio	lr	epoch	train_loss	train_auc	test_loss	test_auc
True	square_hinge	50	0.5	0.316227766016838	0	0.9017680883407593	0.6389732956886292	0.8840177059173584	0.6475107073783875
True	square_hinge	50	0.5	0.316227766016838	1	0.7225320339202881	0.7372787594795227	0.7581552267074585	0.7298891544342041
True	square_hinge	50	0.5	0.316227766016838	2	0.7304949760437012	0.7602113485336304	0.6901023387908936	0.7605879306793213
True	square_hinge	50	0.5	0.316227766016838	3	0.6219887137413025	0.7928063273429871	0.6321759819984436	0.7838923931121826
True	square_hinge	50	0.5	0.316227766016838	4	0.5090346932411194	0.8490594625473022	0.5445988178253174	0.8262882828712463
True	square_hinge	50	0.5	0.316227766016838	5	0.4371313154697418	0.8796510696411133	0.5450414419174194	0.8582209944725037
True	square_hinge	50	0.5	0.316227766016838	6	0.4232226312160492	0.8854917287826538	0.49392983317375183	0.8463245630264282
True	square_hinge	50	0.5	0.316227766016838	7	0.3599017560482025	0.9021914005279541	0.4301453232765198	0.8707036375999451
True	square_hinge	50	0.5	0.316227766016838	8	0.35477572679519653	0.9029138684272766	0.38830330967903137	0.8903182148933411
