pretrained	loss_name	batch_size	imratio	lr	epoch	train_loss	train_auc	test_loss	test_auc
True	square_hinge	500	0.01	0.000316227766016838	0	1.0187382698059082	0.4617561101913452	1.0142772197723389	0.4982067346572876
True	square_hinge	500	0.01	0.000316227766016838	1	1.0090986490249634	0.4867839813232422	1.0131381750106812	0.49530693888664246
True	square_hinge	500	0.01	0.000316227766016838	2	1.0113584995269775	0.4843035042285919	1.0112435817718506	0.4994211494922638
True	square_hinge	500	0.01	0.000316227766016838	3	1.014064073562622	0.4680418074131012	1.0095338821411133	0.5044631958007812
True	square_hinge	500	0.01	0.000316227766016838	4	1.008461833000183	0.4880305528640747	1.006701946258545	0.5083388090133667
True	square_hinge	500	0.01	0.000316227766016838	5	1.0114742517471313	0.47447702288627625	1.0047054290771484	0.5130839347839355
