pretrained	loss_name	batch_size	imratio	lr	epoch	train_loss	train_auc	test_loss	test_auc
True	square_hinge	100	0.1	0.0316227766016838	0	0.9302407503128052	0.6192026734352112	0.9244868159294128	0.6316816806793213
True	square_hinge	100	0.1	0.0316227766016838	1	0.8319659233093262	0.6752042174339294	0.8305774927139282	0.6735409498214722
