pretrained	loss_name	batch_size	imratio	lr	epoch	train_loss	train_auc	test_loss	test_auc
True	square_hinge	100	0.5	1.0	0	1.0001567602157593	0.4751022458076477	1.0003228187561035	0.45574167370796204
True	square_hinge	100	0.5	1.0	1	0.8081089854240417	0.6929888725280762	0.7847720980644226	0.7037371397018433
True	square_hinge	100	0.5	1.0	2	0.6044033765792847	0.7946720123291016	0.647428572177887	0.7807326912879944
True	square_hinge	100	0.5	1.0	3	0.5407722592353821	0.8187087774276733	0.6351035237312317	0.7842749357223511
True	square_hinge	100	0.5	1.0	4	0.5481917262077332	0.8291122317314148	0.5175806283950806	0.8355532288551331
True	square_hinge	100	0.5	1.0	5	0.4973140358924866	0.8478911519050598	0.6404292583465576	0.8082168698310852
True	square_hinge	100	0.5	1.0	6	0.3797752261161804	0.8919892907142639	0.43576779961586	0.871036171913147
True	square_hinge	100	0.5	1.0	7	0.36019715666770935	0.8999003171920776	0.4468924403190613	0.8744071125984192
