pretrained	loss_name	batch_size	imratio	lr	epoch	train_loss	train_auc	test_loss	test_auc
True	square_hinge	500	0.01	0.000316227766016838	0	1.0066776275634766	0.5048510432243347	1.0034691095352173	0.5073833465576172
True	square_hinge	500	0.01	0.000316227766016838	1	1.0024319887161255	0.5178752541542053	1.0002096891403198	0.5146484375
