pretrained	loss_name	batch_size	imratio	lr	epoch	train_loss	train_auc	test_loss	test_auc
True	square_hinge	100	0.5	0.316227766016838	0	0.8385684490203857	0.6863421201705933	0.8597469329833984	0.6737667918205261
True	square_hinge	100	0.5	0.316227766016838	1	0.6333667039871216	0.7792781591415405	0.6930376887321472	0.7668024301528931
True	square_hinge	100	0.5	0.316227766016838	2	0.5626636743545532	0.8149995803833008	0.5931426286697388	0.8003476858139038
True	square_hinge	100	0.5	0.316227766016838	3	0.4589047431945801	0.8582533597946167	0.5284117460250854	0.8354174494743347
True	square_hinge	100	0.5	0.316227766016838	4	0.4361346960067749	0.8704381585121155	0.5215513706207275	0.8448746204376221
True	square_hinge	100	0.5	0.316227766016838	5	0.42047542333602905	0.8757684826850891	0.45523107051849365	0.8670112490653992
True	square_hinge	100	0.5	0.316227766016838	6	0.39557480812072754	0.8920431137084961	0.4487343728542328	0.8654384613037109
True	square_hinge	100	0.5	0.316227766016838	7	0.3799179494380951	0.8908856511116028	0.47803032398223877	0.8548853397369385
