pretrained	loss_name	batch_size	imratio	lr	epoch	train_loss	train_auc	test_loss	test_auc
True	square_hinge	500	0.5	0.316227766016838	0	0.8257410526275635	0.6862818002700806	0.8288506269454956	0.6797040700912476
True	square_hinge	500	0.5	0.316227766016838	1	0.7042540907859802	0.7468931674957275	0.7312890291213989	0.7294250130653381
True	square_hinge	500	0.5	0.316227766016838	2	0.7025457620620728	0.7526136636734009	0.7574819922447205	0.7411102056503296
True	square_hinge	500	0.5	0.316227766016838	3	0.7138871550559998	0.7787127494812012	0.6587936878204346	0.7831717729568481
True	square_hinge	500	0.5	0.316227766016838	4	0.5735418200492859	0.8065038323402405	0.6358104944229126	0.784997284412384
True	square_hinge	500	0.5	0.316227766016838	5	0.5346370935440063	0.8351456522941589	0.604138195514679	0.8258782625198364
True	square_hinge	500	0.5	0.316227766016838	6	0.5505893230438232	0.8317363262176514	0.6223435401916504	0.8234202861785889
True	square_hinge	500	0.5	0.316227766016838	7	0.5514117479324341	0.8400062322616577	0.5033444166183472	0.8472740054130554
True	square_hinge	500	0.5	0.316227766016838	8	0.5123841762542725	0.8676984906196594	0.671943187713623	0.8429341912269592
