pretrained	loss_name	batch_size	imratio	lr	epoch	train_loss	train_auc	test_loss	test_auc
True	square_hinge	500	0.01	0.0316227766016838	0	0.9352260828018188	0.6053615808486938	0.9463534951210022	0.5920624136924744
True	square_hinge	500	0.01	0.0316227766016838	1	0.9390400052070618	0.5986307859420776	0.9498310685157776	0.5926156044006348
True	square_hinge	500	0.01	0.0316227766016838	2	0.903343677520752	0.623388946056366	0.9305429458618164	0.5995395183563232
True	square_hinge	500	0.01	0.0316227766016838	3	0.8634965419769287	0.6583371162414551	0.9041262269020081	0.6272344589233398
True	square_hinge	500	0.01	0.0316227766016838	4	0.9048012495040894	0.6250512599945068	0.9249331951141357	0.6146920919418335
True	square_hinge	500	0.01	0.0316227766016838	5	0.8499322533607483	0.6645073294639587	0.9052877426147461	0.6308688521385193
True	square_hinge	500	0.01	0.0316227766016838	6	0.8818826079368591	0.6581954956054688	0.9556704163551331	0.6146124005317688
