pretrained	loss_name	batch_size	imratio	lr	epoch	train_loss	train_auc	test_loss	test_auc
True	square_hinge	500	0.5	1.0	0	0.9461568593978882	0.6377456784248352	0.9629085063934326	0.6571731567382812
True	square_hinge	500	0.5	1.0	1	0.7713772654533386	0.7091518640518188	0.7447325587272644	0.7223435640335083
True	square_hinge	500	0.5	1.0	2	0.7202423214912415	0.7732608914375305	0.7658318281173706	0.7785176634788513
True	square_hinge	500	0.5	1.0	3	0.5512929558753967	0.8275359869003296	0.5498492121696472	0.8190398812294006
True	square_hinge	500	0.5	1.0	4	0.6050255298614502	0.8065142035484314	0.600898802280426	0.8002997636795044
True	square_hinge	500	0.5	1.0	5	0.46971070766448975	0.8527694940567017	0.5654647946357727	0.8231123089790344
True	square_hinge	500	0.5	1.0	6	0.5556576251983643	0.8451187610626221	0.7274225354194641	0.8049004077911377
True	square_hinge	500	0.5	1.0	7	0.466420978307724	0.8633853197097778	0.6129162311553955	0.8217592239379883
