pretrained	loss_name	batch_size	imratio	lr	epoch	train_loss	train_auc	test_loss	test_auc
True	square_hinge	500	0.01	0.0316227766016838	0	0.9724853038787842	0.5744668245315552	0.9696595072746277	0.5777981877326965
True	square_hinge	500	0.01	0.0316227766016838	1	0.8989271521568298	0.60427325963974	0.9222138524055481	0.61225426197052
