pretrained	loss_name	batch_size	imratio	lr	epoch	train_loss	train_auc	test_loss	test_auc
True	square_hinge	500	0.01	1.0	0	1.0	0.4708085060119629	1.0	0.44982942938804626
True	square_hinge	500	0.01	1.0	1	1.0	0.46778053045272827	1.0	0.4490951597690582
True	square_hinge	500	0.01	1.0	2	1.0	0.47429418563842773	1.0	0.4494277536869049
True	square_hinge	500	0.01	1.0	3	1.0	0.46678006649017334	1.0	0.4491484761238098
True	square_hinge	500	0.01	1.0	4	1.0	0.4688003361225128	1.0	0.4493999779224396
True	square_hinge	500	0.01	1.0	5	1.0	0.46920695900917053	1.0	0.4494498372077942
