pretrained	loss_name	batch_size	imratio	lr	epoch	train_loss	train_auc	test_loss	test_auc
True	square_hinge	50	0.5	1.0	0	0.9871688485145569	0.5454987287521362	0.9806505441665649	0.5541888475418091
True	square_hinge	50	0.5	1.0	1	0.9559034109115601	0.5521026253700256	0.9476949572563171	0.5504539608955383
True	square_hinge	50	0.5	1.0	2	0.844453752040863	0.6670053601264954	0.8514279723167419	0.6633579730987549
True	square_hinge	50	0.5	1.0	3	0.7248149514198303	0.7379218339920044	0.694267749786377	0.7503909468650818
True	square_hinge	50	0.5	1.0	4	0.6059635877609253	0.7931830286979675	0.5957377552986145	0.8021340370178223
True	square_hinge	50	0.5	1.0	5	0.5749779343605042	0.8122634887695312	0.538637101650238	0.8239974975585938
True	square_hinge	50	0.5	1.0	6	0.4941265285015106	0.8428188562393188	0.5436826348304749	0.8263207077980042
True	square_hinge	50	0.5	1.0	7	0.4484574794769287	0.8670417070388794	0.47033315896987915	0.8528522253036499
