pretrained	loss_name	batch_size	imratio	lr	epoch	train_loss	train_auc	test_loss	test_auc
True	square_hinge	500	0.01	0.01	0	0.958836019039154	0.580614447593689	0.970557689666748	0.5679933428764343
True	square_hinge	500	0.01	0.01	1	0.9285866618156433	0.6136019825935364	0.9534227848052979	0.5837417840957642
True	square_hinge	500	0.01	0.01	2	0.8934906721115112	0.6288242340087891	0.9464125037193298	0.5806028246879578
True	square_hinge	500	0.01	0.01	3	0.8696643114089966	0.6497032642364502	0.9218508005142212	0.6075048446655273
True	square_hinge	500	0.01	0.01	4	0.8551666736602783	0.6587103009223938	0.9205352663993835	0.6092174053192139
True	square_hinge	500	0.01	0.01	5	0.8681700229644775	0.668776273727417	0.9243304133415222	0.617123007774353
True	square_hinge	500	0.01	0.01	6	0.803078830242157	0.6994049549102783	0.8990263342857361	0.6293053030967712
