pretrained	loss_name	batch_size	imratio	lr	epoch	train_loss	train_auc	test_loss	test_auc
True	square_hinge	500	0.01	0.316227766016838	0	0.9959054589271545	0.601514995098114	0.9968559145927429	0.5888991355895996
True	square_hinge	500	0.01	0.316227766016838	1	0.9996305704116821	0.5690736770629883	0.9998615384101868	0.538140058517456
