batch_size	imratio	epoch	lr	train_loss	train_auc	test_loss	test_auc
500	0.01	0	0.0001	1.0005437135696411	0.5057212710380554	0.9956001043319702	0.5239430069923401
500	0.01	1	0.0001	0.9932043552398682	0.5385266542434692	0.9959924221038818	0.5230347514152527
500	0.01	2	0.0001	0.9982714653015137	0.516834020614624	0.995435893535614	0.5252664685249329
