batch_size	imratio	epoch	lr	train_loss	train_auc	test_loss	test_auc
500	0.01	0	3.16227766016838e-05	0.9954696297645569	0.526246190071106	0.9916670322418213	0.5379559397697449
500	0.01	1	3.16227766016838e-05	0.9934194087982178	0.5354339480400085	0.9918723702430725	0.5380725860595703
500	0.01	2	3.16227766016838e-05	0.9930090308189392	0.5338679552078247	0.9918463230133057	0.5381730198860168
500	0.01	3	3.16227766016838e-05	0.9928308725357056	0.5349075794219971	0.9918894171714783	0.5381829738616943
