batch_size	imratio	epoch	lr	train_loss	train_auc	test_loss	test_auc
500	0.01	0	0.316227766016838	1.0000481605529785	0.48799407482147217	0.9998636245727539	0.5004626512527466
500	0.01	1	0.316227766016838	0.9997366070747375	0.5230473279953003	0.9998093843460083	0.5201671123504639
500	0.01	2	0.316227766016838	0.998719334602356	0.5620667934417725	0.9989670515060425	0.552044153213501
500	0.01	3	0.316227766016838	0.9962873458862305	0.5387576818466187	0.9948642253875732	0.5462551712989807
500	0.01	4	0.316227766016838	0.999837338924408	0.5410535335540771	0.9995724558830261	0.5574045777320862
500	0.01	5	0.316227766016838	0.9977918863296509	0.554448664188385	0.9977735280990601	0.5616006255149841
500	0.01	6	0.316227766016838	0.9882651567459106	0.5458493232727051	0.9884132742881775	0.543177604675293
