batch_size	imratio	epoch	lr	train_loss	train_auc	test_loss	test_auc
500	0.01	0	0.0316227766016838	0.9793629050254822	0.5504032969474792	0.9814844727516174	0.5551944971084595
