batch_size	imratio	epoch	lr	train_loss	train_auc	test_loss	test_auc
500	0.01	0	0.001	0.999311089515686	0.532639741897583	1.0003470182418823	0.5257841944694519
