batch_size	imratio	epoch	lr	train_loss	train_auc	test_loss	test_auc
500	0.5	0	1.0	0.9624084234237671	0.5867989659309387	0.9602710604667664	0.599615752696991
500	0.5	1	1.0	0.9755434989929199	0.629230797290802	0.9736711382865906	0.5997256636619568
500	0.5	2	1.0	0.7954951524734497	0.7237570881843567	0.8312680125236511	0.7303630113601685
500	0.5	3	1.0	0.642920196056366	0.7747305035591125	0.6232741475105286	0.792709469795227
500	0.5	4	1.0	0.6832380890846252	0.7592750787734985	0.7023851871490479	0.7512606382369995
500	0.5	5	1.0	0.48969927430152893	0.8460170030593872	0.5665065050125122	0.8292809128761292
500	0.5	6	1.0	0.5621752738952637	0.8331876397132874	0.687742292881012	0.8041506409645081
500	0.5	7	1.0	0.44661709666252136	0.8629958629608154	0.5187365412712097	0.8453460931777954
500	0.5	8	1.0	0.6154465079307556	0.8051440715789795	0.6555004715919495	0.7877258658409119
