batch_size	imratio	epoch	lr	train_loss	train_auc	test_loss	test_auc
50	0.5	0	0.1	0.6961783766746521	0.749829888343811	0.6831465363502502	0.7601591348648071
50	0.5	1	0.1	0.6146193146705627	0.7963927388191223	0.6500629782676697	0.7746175527572632
50	0.5	2	0.1	0.5315739512443542	0.8321572542190552	0.648781955242157	0.8106631636619568
50	0.5	3	0.1	0.4943177103996277	0.8431805968284607	0.55864018201828	0.8269772529602051
50	0.5	4	0.1	0.4538503587245941	0.8651481866836548	0.45556315779685974	0.8622287511825562
50	0.5	5	0.1	0.4002856910228729	0.8830435276031494	0.46244868636131287	0.8667340278625488
50	0.5	6	0.1	0.46177905797958374	0.859091579914093	0.4565259516239166	0.8627281785011292
50	0.5	7	0.1	0.3714046776294708	0.9026440382003784	0.4985532760620117	0.8793826699256897
