batch_size	imratio	epoch	lr	train_loss	train_auc	test_loss	test_auc
500	0.01	0	0.1	0.9837808609008789	0.5787447094917297	0.9854757785797119	0.5804065465927124
500	0.01	1	0.1	1.000542402267456	0.4923292100429535	1.0020474195480347	0.4816102981567383
500	0.01	2	0.1	0.984961211681366	0.5656104683876038	0.987017035484314	0.5751620531082153
500	0.01	3	0.1	0.9592867493629456	0.6070815920829773	0.9673486948013306	0.5924268960952759
500	0.01	4	0.1	0.9825168251991272	0.5322008728981018	0.9809953570365906	0.5212574601173401
