batch_size	imratio	epoch	lr	train_loss	train_auc	test_loss	test_auc
500	0.01	0	0.01	0.975383460521698	0.5621707439422607	0.9745640158653259	0.5667324066162109
500	0.01	1	0.01	0.9305956363677979	0.616515040397644	0.9448601007461548	0.5957006812095642
500	0.01	2	0.01	0.9447212815284729	0.5969632267951965	0.9484276175498962	0.5980852842330933
500	0.01	3	0.01	0.8788045048713684	0.6479812264442444	0.9140704274177551	0.6194291710853577
