batch_size	imratio	epoch	lr	train_loss	train_auc	test_loss	test_auc
500	0.01	0	0.000316227766016838	1.0315481424331665	0.4788375496864319	1.011954665184021	0.5115204453468323
