batch_size	imratio	epoch	lr	train_loss	train_auc	test_loss	test_auc
500	0.01	0	3.16227766016838	1.0	0.4989583194255829	1.0	0.48975488543510437
500	0.01	1	3.16227766016838	1.0	0.4987879991531372	1.0	0.490431010723114
500	0.01	2	3.16227766016838	1.0	0.4981688857078552	1.0	0.4902559220790863
500	0.01	3	3.16227766016838	1.0	0.4966830015182495	1.0	0.4903183877468109
500	0.01	4	3.16227766016838	1.0	0.4985838532447815	1.0	0.4904734790325165
500	0.01	5	3.16227766016838	1.0	0.5007684230804443	1.0	0.4900617003440857
