batch_size	imratio	epoch	lr	train_loss	train_auc	test_loss	test_auc
500	0.01	0	0.00316227766016838	0.9567291736602783	0.5731486082077026	0.9755693674087524	0.5565447211265564
500	0.01	1	0.00316227766016838	0.9341210126876831	0.5946871638298035	0.9681738615036011	0.5675517916679382
500	0.01	2	0.00316227766016838	0.9263288974761963	0.6011232137680054	0.9560907483100891	0.5806858539581299
