batch_size	imratio	epoch	lr	train_loss	train_auc	test_loss	test_auc
100	0.1	0	0.000316227766016838	0.9925189018249512	0.5347648859024048	0.9969413876533508	0.5258709192276001
100	0.1	1	0.000316227766016838	0.9786912798881531	0.563919186592102	0.9777221083641052	0.5649714469909668
100	0.1	2	0.000316227766016838	0.9683992266654968	0.5792924165725708	0.9684159159660339	0.5785425901412964
100	0.1	3	0.000316227766016838	0.9578132033348083	0.5916721224784851	0.9610002636909485	0.5880469679832458
100	0.1	4	0.000316227766016838	0.9514012932777405	0.5977736711502075	0.9528043866157532	0.5968290567398071
100	0.1	5	0.000316227766016838	0.9421768188476562	0.6056557297706604	0.9457191228866577	0.6030213236808777
100	0.1	6	0.000316227766016838	0.937839150428772	0.611594021320343	0.9400392770767212	0.6087490320205688
100	0.1	7	0.000316227766016838	0.9318865537643433	0.6161624789237976	0.9354814291000366	0.6137731671333313
